{"cameraMode":{"drawMode":0,"name":"Shaded","section":"Shading Mode"},"sceneLighting":true,"audioPlay":false,"sceneViewState":{"m_AlwaysRefresh":false,"showFog":true,"showSkybox":true,"showFlares":true,"showImageEffects":true,"showParticleSystems":true,"showVisualEffectGraphs":true,"m_FxEnabled":true},"in2DMode":false,"pivot":{"x":-0.2762104868888855,"y":0.6520079374313355,"z":-1.1463545560836793},"rotation":{"x":0.1248939111828804,"y":0.10961011797189713,"z":-0.013960183598101139,"w":0.9860365390777588},"size":0.3943229913711548,"orthographic":false}